farmer_id,sub_county,season,crop,planting_date,harvest_date,farm_size_ha,yield_ton_per_ha,input_cost_ksh,revenue_ksh,profit_ksh,source
FR-SYN-00001,yala,long_rains,sorghum,2025-03-10,2025-06-13,3.43,2.21,48079.42,685.64,-47393.78,synthetic_demo
FR-SYN-00002,bondo,dry,sorghum,2025-01-17,2025-05-27,3.17,3.07,38501.47,1121.1,-37380.37,synthetic_demo
FR-SYN-00003,alego,short_rains,beans,2025-10-07,2025-12-27,3.64,2.66,43810.89,769.98,-43040.9,synthetic_demo
FR-SYN-00004,ugunja,dry,beans,2025-01-22,2025-05-22,4.68,2.31,171290.86,1034.03,-170256.83,synthetic_demo
FR-SYN-00005,gem,short_rains,kale,2025-10-19,2025-12-17,2.52,9.85,35031.54,1029.36,-34002.18,synthetic_demo
FR-SYN-00006,ugunja,dry,millet,2025-01-08,2025-04-10,5.69,1.86,124804.51,1178.84,-123625.67,synthetic_demo
FR-SYN-00007,yala,short_rains,maize,2025-10-17,2025-12-27,5.49,4.73,110097.41,1606.97,-108490.44,synthetic_demo
FR-SYN-00008,gem,long_rains,rice,2025-03-12,2025-07-16,3.07,4.28,92108.88,1633.13,-90475.75,synthetic_demo
FR-SYN-00009,yala,short_rains,kale,2025-10-10,2025-12-20,2.17,5.35,64934.35,582.66,-64351.69,synthetic_demo
FR-SYN-00010,alego,long_rains,groundnuts,2025-03-19,2025-06-24,4.91,1.34,91751.77,686.81,-91064.97,synthetic_demo
FR-SYN-00011,gem,dry,groundnuts,2025-01-22,2025-05-27,0.8,1.13,19567.86,105.56,-19462.3,synthetic_demo
FR-SYN-00012,gem,short_rains,beans,2025-10-08,2025-12-17,3.36,2.0,26078.45,566.73,-25511.71,synthetic_demo
FR-SYN-00013,bondo,short_rains,maize,2025-10-07,2025-12-14,2.48,2.83,72004.69,384.53,-71620.16,synthetic_demo
FR-SYN-00014,bondo,short_rains,millet,2025-10-10,2025-12-26,1.54,1.91,34483.82,295.7,-34188.12,synthetic_demo
FR-SYN-00015,ugunja,short_rains,maize,2025-10-11,2025-12-18,4.66,4.23,108853.71,1369.28,-107484.44,synthetic_demo
FR-SYN-00016,yala,dry,groundnuts,2025-01-23,2025-04-21,2.5,1.9,46431.22,539.84,-45891.38,synthetic_demo
FR-SYN-00017,ugunja,dry,millet,2025-01-09,2025-05-23,1.6,2.1,24947.17,378.4,-24568.78,synthetic_demo
FR-SYN-00018,bondo,short_rains,groundnuts,2025-10-17,2025-12-23,4.3,2.29,52522.26,1121.23,-51401.02,synthetic_demo
FR-SYN-00019,gem,dry,groundnuts,2025-01-08,2025-04-18,4.79,1.83,77736.8,1145.0,-76591.8,synthetic_demo
FR-SYN-00020,bondo,short_rains,sorghum,2025-10-07,2025-12-13,4.79,2.04,55262.68,877.35,-54385.32,synthetic_demo
FR-SYN-00021,bondo,dry,groundnuts,2025-01-24,2025-04-20,5.89,2.27,91866.5,1548.6,-90317.91,synthetic_demo
FR-SYN-00022,ugunja,dry,sorghum,2025-01-15,2025-04-22,3.24,2.17,51384.58,734.0,-50650.58,synthetic_demo
FR-SYN-00023,gem,short_rains,maize,2025-10-07,2025-12-21,5.19,4.19,173476.27,1224.54,-172251.73,synthetic_demo
FR-SYN-00024,yala,dry,sorghum,2025-01-25,2025-05-10,1.27,3.32,16923.21,431.43,-16491.78,synthetic_demo
FR-SYN-00025,yala,short_rains,maize,2025-10-25,2025-12-11,2.74,2.72,76937.73,432.24,-76505.49,synthetic_demo
FR-SYN-00026,bondo,long_rains,maize,2025-03-18,2025-06-25,0.98,3.19,11199.88,182.13,-11017.75,synthetic_demo
FR-SYN-00027,alego,dry,groundnuts,2025-01-10,2025-05-21,4.5,1.09,165873.2,600.63,-165272.56,synthetic_demo
FR-SYN-00028,yala,long_rains,beans,2025-03-07,2025-06-27,3.85,1.56,104070.36,474.28,-103596.08,synthetic_demo
FR-SYN-00029,ugunja,short_rains,beans,2025-10-20,2025-12-26,5.4,1.59,203085.11,740.67,-202344.44,synthetic_demo
FR-SYN-00030,bondo,long_rains,groundnuts,2025-03-11,2025-06-11,5.72,1.82,54052.1,1064.5,-52987.6,synthetic_demo
FR-SYN-00031,ugunja,long_rains,beans,2025-03-25,2025-06-19,4.37,2.71,46770.94,1083.6,-45687.34,synthetic_demo
FR-SYN-00032,ugunja,dry,sorghum,2025-01-16,2025-05-15,2.61,1.41,59377.57,384.28,-58993.28,synthetic_demo
FR-SYN-00033,gem,short_rains,beans,2025-10-23,2025-12-21,1.45,2.6,26510.74,297.08,-26213.66,synthetic_demo
FR-SYN-00034,ugunja,long_rains,tomatoes,2025-03-25,2025-07-17,2.34,15.14,100994.93,2846.72,-98148.21,synthetic_demo
FR-SYN-00035,bondo,short_rains,kale,2025-10-14,2025-12-12,3.59,8.2,55316.7,1586.96,-53729.75,synthetic_demo
FR-SYN-00036,alego,long_rains,maize,2025-03-18,2025-06-17,3.52,4.0,70450.3,839.75,-69610.55,synthetic_demo
FR-SYN-00037,bondo,long_rains,groundnuts,2025-03-12,2025-07-21,3.08,2.17,102805.24,690.0,-102115.24,synthetic_demo
FR-SYN-00038,gem,dry,millet,2025-01-13,2025-04-12,5.7,1.9,104725.08,1324.86,-103400.22,synthetic_demo
FR-SYN-00039,bondo,long_rains,maize,2025-03-14,2025-06-16,5.11,3.01,107403.19,804.76,-106598.43,synthetic_demo
FR-SYN-00040,alego,long_rains,beans,2025-03-09,2025-06-10,0.93,1.43,35258.16,119.59,-35138.58,synthetic_demo
FR-SYN-00041,ugunja,dry,kale,2025-01-07,2025-05-13,0.83,4.35,15352.58,179.45,-15173.12,synthetic_demo
FR-SYN-00042,ugunja,long_rains,kale,2025-03-20,2025-07-27,3.19,9.26,109592.77,1123.79,-108468.97,synthetic_demo
FR-SYN-00043,gem,dry,millet,2025-01-23,2025-05-22,2.06,1.58,21167.73,379.99,-20787.74,synthetic_demo
FR-SYN-00044,ugunja,dry,millet,2025-01-06,2025-04-28,5.17,1.38,127683.24,861.13,-126822.11,synthetic_demo
FR-SYN-00045,alego,dry,groundnuts,2025-01-11,2025-05-27,2.27,0.95,80544.6,253.72,-80290.88,synthetic_demo
FR-SYN-00046,yala,long_rains,maize,2025-03-09,2025-06-26,5.25,5.06,193097.76,1901.14,-191196.61,synthetic_demo
FR-SYN-00047,yala,long_rains,maize,2025-03-23,2025-06-22,2.26,4.17,80347.94,507.59,-79840.34,synthetic_demo
FR-SYN-00048,alego,long_rains,millet,2025-03-09,2025-07-12,1.89,2.72,14793.8,521.78,-14272.03,synthetic_demo
FR-SYN-00049,yala,long_rains,maize,2025-03-19,2025-07-15,5.38,3.54,178716.27,999.25,-177717.02,synthetic_demo
FR-SYN-00050,yala,long_rains,beans,2025-03-08,2025-06-20,1.52,2.47,18414.67,301.43,-18113.24,synthetic_demo
FR-SYN-00051,gem,long_rains,rice,2025-03-11,2025-06-23,4.36,3.72,104211.96,1790.19,-102421.77,synthetic_demo
FR-SYN-00052,yala,dry,sorghum,2025-01-05,2025-04-15,4.05,2.93,65566.78,1194.59,-64372.19,synthetic_demo
FR-SYN-00053,ugunja,short_rains,maize,2025-10-19,2025-12-17,5.12,3.49,45519.34,1038.91,-44480.43,synthetic_demo
FR-SYN-00054,gem,dry,maize,2025-01-20,2025-04-25,2.21,2.48,80490.2,435.63,-80054.57,synthetic_demo
FR-SYN-00055,ugunja,long_rains,maize,2025-03-18,2025-06-23,1.69,4.61,39056.46,505.79,-38550.67,synthetic_demo
FR-SYN-00056,bondo,dry,sorghum,2025-01-09,2025-04-28,3.77,2.42,71500.65,924.64,-70576.01,synthetic_demo
FR-SYN-00057,alego,short_rains,beans,2025-10-17,2025-12-22,0.81,1.53,12709.5,103.41,-12606.09,synthetic_demo
FR-SYN-00058,gem,dry,tomatoes,2025-01-12,2025-04-19,5.86,5.34,234293.19,2780.51,-231512.68,synthetic_demo
FR-SYN-00059,bondo,dry,sorghum,2025-01-21,2025-05-14,4.81,3.14,76191.66,1485.18,-74706.49,synthetic_demo
FR-SYN-00060,gem,dry,groundnuts,2025-01-08,2025-04-17,2.61,1.21,49547.03,390.55,-49156.48,synthetic_demo
FR-SYN-00061,ugunja,dry,maize,2025-01-25,2025-04-16,2.05,2.51,65513.19,312.67,-65200.52,synthetic_demo
FR-SYN-00062,yala,dry,millet,2025-01-17,2025-05-24,1.96,1.24,43624.26,284.73,-43339.53,synthetic_demo
FR-SYN-00063,yala,dry,groundnuts,2025-01-15,2025-05-20,5.25,2.19,144251.31,1474.24,-142777.07,synthetic_demo
FR-SYN-00064,ugunja,dry,beans,2025-01-14,2025-05-23,2.78,1.67,50355.28,463.13,-49892.16,synthetic_demo
FR-SYN-00065,yala,long_rains,beans,2025-03-20,2025-06-18,4.52,2.84,83720.14,1115.78,-82604.36,synthetic_demo
FR-SYN-00066,alego,short_rains,millet,2025-10-20,2025-12-28,3.73,2.46,121135.46,943.02,-120192.44,synthetic_demo
FR-SYN-00067,yala,short_rains,beans,2025-10-10,2025-12-25,2.4,1.5,74813.58,330.68,-74482.9,synthetic_demo
FR-SYN-00068,ugunja,dry,beans,2025-01-17,2025-05-25,2.67,1.06,76093.04,271.42,-75821.62,synthetic_demo
FR-SYN-00069,yala,short_rains,beans,2025-10-21,2025-12-15,0.95,2.7,21085.76,246.25,-20839.51,synthetic_demo
FR-SYN-00070,ugunja,long_rains,maize,2025-03-12,2025-06-16,4.56,3.85,125496.07,999.03,-124497.04,synthetic_demo
FR-SYN-00071,bondo,long_rains,beans,2025-03-17,2025-06-27,1.96,1.39,68320.27,241.87,-68078.4,synthetic_demo
FR-SYN-00072,alego,dry,millet,2025-01-08,2025-05-16,3.89,1.82,47737.73,859.7,-46878.03,synthetic_demo
FR-SYN-00073,bondo,dry,kale,2025-01-23,2025-05-14,5.73,4.86,230552.61,1477.07,-229075.54,synthetic_demo
FR-SYN-00074,yala,short_rains,kale,2025-10-08,2025-12-11,0.65,7.29,8075.58,218.91,-7856.67,synthetic_demo
FR-SYN-00075,gem,short_rains,maize,2025-10-20,2025-12-15,1.21,3.89,22714.45,269.43,-22445.03,synthetic_demo
FR-SYN-00076,yala,dry,maize,2025-01-09,2025-05-25,1.21,2.52,33595.86,237.5,-33358.36,synthetic_demo
FR-SYN-00077,yala,dry,millet,2025-01-12,2025-05-21,4.18,2.21,43596.01,1084.34,-42511.67,synthetic_demo
FR-SYN-00078,gem,short_rains,rice,2025-10-13,2025-12-26,1.8,3.35,47617.05,676.31,-46940.75,synthetic_demo
FR-SYN-00079,bondo,long_rains,beans,2025-03-22,2025-06-12,4.88,2.28,84380.82,1041.63,-83339.19,synthetic_demo
FR-SYN-00080,alego,dry,beans,2025-01-16,2025-05-13,1.13,0.75,36699.01,87.4,-36611.6,synthetic_demo
FR-SYN-00081,gem,long_rains,kale,2025-03-11,2025-06-22,1.76,5.86,52478.25,559.36,-51918.88,synthetic_demo
FR-SYN-00082,alego,long_rains,maize,2025-03-06,2025-07-28,3.21,3.59,60747.78,788.65,-59959.13,synthetic_demo
FR-SYN-00083,alego,dry,millet,2025-01-15,2025-05-24,4.95,2.65,57474.16,1521.62,-55952.53,synthetic_demo
FR-SYN-00084,yala,dry,rice,2025-01-09,2025-04-26,3.53,4.1,142464.15,1959.67,-140504.48,synthetic_demo
FR-SYN-00085,gem,long_rains,rice,2025-03-09,2025-06-11,1.68,3.81,20174.65,712.94,-19461.71,synthetic_demo
FR-SYN-00086,alego,long_rains,maize,2025-03-14,2025-06-22,2.69,5.04,94838.85,956.14,-93882.71,synthetic_demo
FR-SYN-00087,yala,dry,kale,2025-01-11,2025-05-24,1.56,4.11,31749.1,365.56,-31383.54,synthetic_demo
FR-SYN-00088,ugunja,long_rains,millet,2025-03-24,2025-06-19,3.25,1.66,27531.62,574.27,-26957.35,synthetic_demo
FR-SYN-00089,ugunja,long_rains,beans,2025-03-14,2025-06-26,3.16,2.52,108879.27,617.35,-108261.92,synthetic_demo
FR-SYN-00090,gem,long_rains,rice,2025-03-14,2025-06-26,5.04,4.49,140813.16,2595.04,-138218.12,synthetic_demo
FR-SYN-00091,bondo,dry,sorghum,2025-01-25,2025-04-23,5.11,2.83,35923.55,1411.54,-34512.02,synthetic_demo
FR-SYN-00092,bondo,long_rains,maize,2025-03-22,2025-06-28,5.04,4.9,151827.39,1539.84,-150287.55,synthetic_demo
FR-SYN-00093,bondo,dry,millet,2025-01-21,2025-04-19,4.85,1.8,132312.56,961.19,-131351.37,synthetic_demo
FR-SYN-00094,alego,short_rains,maize,2025-10-25,2025-12-10,3.59,3.47,63397.25,874.09,-62523.16,synthetic_demo
FR-SYN-00095,gem,dry,sorghum,2025-01-12,2025-05-16,1.22,2.85,13765.45,363.99,-13401.46,synthetic_demo
FR-SYN-00096,alego,short_rains,maize,2025-10-25,2025-12-13,2.14,2.01,78577.43,294.73,-78282.71,synthetic_demo
FR-SYN-00097,ugunja,long_rains,maize,2025-03-12,2025-07-18,5.14,2.38,172807.43,804.8,-172002.63,synthetic_demo
FR-SYN-00098,ugunja,dry,millet,2025-01-25,2025-04-12,5.42,2.51,127116.3,1704.78,-125411.52,synthetic_demo
FR-SYN-00099,ugunja,short_rains,beans,2025-10-23,2025-12-14,3.11,1.65,64790.11,448.8,-64341.31,synthetic_demo
FR-SYN-00100,ugunja,dry,beans,2025-01-20,2025-05-11,1.78,0.85,66568.94,136.53,-66432.42,synthetic_demo
FR-SYN-00101,yala,long_rains,sorghum,2025-03-13,2025-06-22,4.13,2.64,77945.72,1088.63,-76857.09,synthetic_demo
FR-SYN-00102,alego,long_rains,beans,2025-03-12,2025-06-26,4.07,1.36,55074.52,469.05,-54605.47,synthetic_demo
FR-SYN-00103,ugunja,dry,sorghum,2025-01-06,2025-04-28,3.8,1.47,111875.99,637.91,-111238.08,synthetic_demo
FR-SYN-00104,yala,long_rains,beans,2025-03-20,2025-07-15,1.78,1.26,16258.75,211.13,-16047.62,synthetic_demo
FR-SYN-00105,gem,short_rains,beans,2025-10-11,2025-12-14,3.87,2.61,91788.14,952.96,-90835.18,synthetic_demo
FR-SYN-00106,bondo,dry,groundnuts,2025-01-16,2025-04-26,2.92,2.42,89765.55,833.96,-88931.58,synthetic_demo
FR-SYN-00107,bondo,short_rains,sorghum,2025-10-05,2025-12-28,3.42,3.13,69468.94,971.03,-68497.91,synthetic_demo
FR-SYN-00108,alego,short_rains,tomatoes,2025-10-17,2025-12-23,3.58,12.74,142694.94,3032.8,-139662.13,synthetic_demo
FR-SYN-00109,bondo,dry,millet,2025-01-10,2025-04-16,3.35,1.14,73775.52,473.4,-73302.13,synthetic_demo
FR-SYN-00110,bondo,long_rains,groundnuts,2025-03-07,2025-06-22,5.63,2.5,201855.28,1480.14,-200375.13,synthetic_demo
FR-SYN-00111,alego,short_rains,beans,2025-10-24,2025-12-15,4.24,2.14,31699.78,742.03,-30957.75,synthetic_demo
FR-SYN-00112,bondo,long_rains,millet,2025-03-22,2025-07-21,5.8,2.43,181351.11,1386.21,-179964.9,synthetic_demo
FR-SYN-00113,alego,short_rains,groundnuts,2025-10-17,2025-12-17,4.69,1.2,131246.38,684.69,-130561.69,synthetic_demo
FR-SYN-00114,ugunja,short_rains,tomatoes,2025-10-21,2025-12-18,1.94,8.54,83236.83,1139.95,-82096.87,synthetic_demo
FR-SYN-00115,ugunja,short_rains,beans,2025-10-12,2025-12-16,1.84,2.49,61768.38,357.77,-61410.6,synthetic_demo
FR-SYN-00116,bondo,short_rains,millet,2025-10-20,2025-12-25,1.59,1.36,24293.17,216.95,-24076.22,synthetic_demo
FR-SYN-00117,ugunja,short_rains,groundnuts,2025-10-19,2025-12-10,0.66,1.93,12106.81,146.73,-11960.08,synthetic_demo
FR-SYN-00118,gem,short_rains,sorghum,2025-10-16,2025-12-22,2.11,1.75,20906.29,342.59,-20563.7,synthetic_demo
FR-SYN-00119,ugunja,short_rains,beans,2025-10-20,2025-12-26,3.48,1.82,114868.27,524.33,-114343.94,synthetic_demo
FR-SYN-00120,bondo,short_rains,sorghum,2025-10-16,2025-12-21,0.71,1.68,17016.8,110.04,-16906.76,synthetic_demo
FR-SYN-00121,gem,dry,rice,2025-01-17,2025-05-24,4.01,4.75,79604.14,2270.54,-77333.6,synthetic_demo
FR-SYN-00122,yala,dry,groundnuts,2025-01-17,2025-05-24,4.82,2.33,145766.11,1347.06,-144419.05,synthetic_demo
FR-SYN-00123,ugunja,long_rains,maize,2025-03-07,2025-07-27,0.89,4.44,18456.8,230.44,-18226.36,synthetic_demo
FR-SYN-00124,ugunja,long_rains,maize,2025-03-16,2025-07-25,3.12,4.77,63911.01,1020.33,-62890.68,synthetic_demo
FR-SYN-00125,alego,short_rains,kale,2025-10-12,2025-12-24,2.26,8.51,59335.98,1007.78,-58328.2,synthetic_demo
FR-SYN-00126,gem,short_rains,groundnuts,2025-10-14,2025-12-10,3.56,2.1,93930.65,787.48,-93143.17,synthetic_demo
FR-SYN-00127,alego,dry,millet,2025-01-22,2025-05-23,1.62,1.91,10708.22,359.38,-10348.83,synthetic_demo
FR-SYN-00128,bondo,short_rains,groundnuts,2025-10-19,2025-12-17,1.09,1.63,32991.75,187.5,-32804.25,synthetic_demo
FR-SYN-00129,ugunja,long_rains,rice,2025-03-07,2025-07-15,1.64,5.6,41192.42,1087.68,-40104.74,synthetic_demo
FR-SYN-00130,bondo,dry,millet,2025-01-14,2025-05-15,4.0,2.26,91573.41,985.02,-90588.4,synthetic_demo
FR-SYN-00131,yala,long_rains,rice,2025-03-23,2025-06-22,4.86,5.42,205628.78,2924.39,-202704.39,synthetic_demo
FR-SYN-00132,bondo,long_rains,millet,2025-03-22,2025-06-14,3.23,3.11,22845.03,1104.43,-21740.6,synthetic_demo
FR-SYN-00133,gem,dry,groundnuts,2025-01-20,2025-04-28,1.61,1.85,29592.6,344.54,-29248.05,synthetic_demo
FR-SYN-00134,bondo,dry,beans,2025-01-05,2025-05-17,2.33,2.27,23262.59,490.23,-22772.36,synthetic_demo
FR-SYN-00135,bondo,long_rains,groundnuts,2025-03-06,2025-06-13,3.22,2.37,115393.67,841.68,-114551.98,synthetic_demo
FR-SYN-00136,ugunja,dry,rice,2025-01-07,2025-05-11,2.55,4.28,41201.94,1417.37,-39784.58,synthetic_demo
FR-SYN-00137,alego,long_rains,rice,2025-03-22,2025-07-16,1.64,6.06,39167.14,1213.05,-37954.09,synthetic_demo
FR-SYN-00138,bondo,long_rains,sorghum,2025-03-21,2025-07-15,3.48,2.72,43283.07,929.52,-42353.54,synthetic_demo
FR-SYN-00139,alego,long_rains,rice,2025-03-13,2025-07-24,3.02,6.2,27342.59,2152.17,-25190.41,synthetic_demo
FR-SYN-00140,yala,dry,sorghum,2025-01-19,2025-05-14,1.35,2.99,14349.93,447.75,-13902.18,synthetic_demo
FR-SYN-00141,alego,long_rains,maize,2025-03-23,2025-07-12,4.81,4.93,128188.91,1678.99,-126509.92,synthetic_demo
FR-SYN-00142,gem,long_rains,maize,2025-03-15,2025-06-20,3.31,2.66,36733.92,501.54,-36232.38,synthetic_demo
FR-SYN-00143,bondo,short_rains,beans,2025-10-13,2025-12-22,3.31,1.15,48437.29,346.62,-48090.66,synthetic_demo
FR-SYN-00144,bondo,short_rains,sorghum,2025-10-23,2025-12-13,4.23,2.63,75333.43,1152.96,-74180.47,synthetic_demo
FR-SYN-00145,ugunja,short_rains,rice,2025-10-12,2025-12-21,1.44,4.86,54260.05,813.48,-53446.57,synthetic_demo
FR-SYN-00146,yala,short_rains,beans,2025-10-11,2025-12-16,3.55,1.94,52962.97,603.34,-52359.63,synthetic_demo
FR-SYN-00147,bondo,short_rains,kale,2025-10-24,2025-12-11,3.11,6.69,69660.95,1163.72,-68497.23,synthetic_demo
FR-SYN-00148,gem,dry,rice,2025-01-20,2025-04-15,1.67,4.43,35503.75,896.73,-34607.02,synthetic_demo
FR-SYN-00149,yala,long_rains,sorghum,2025-03-25,2025-07-22,5.41,2.02,120902.0,1035.01,-119866.99,synthetic_demo
FR-SYN-00150,ugunja,short_rains,kale,2025-10-18,2025-12-20,3.03,11.24,72695.01,1919.85,-70775.16,synthetic_demo
FR-SYN-00151,ugunja,dry,millet,2025-01-22,2025-04-15,2.32,1.83,30901.02,550.0,-30351.02,synthetic_demo
FR-SYN-00152,ugunja,long_rains,maize,2025-03-24,2025-07-28,3.91,3.88,74334.06,939.37,-73394.69,synthetic_demo
FR-SYN-00153,gem,long_rains,rice,2025-03-06,2025-07-10,5.6,5.45,223813.11,3689.09,-220124.02,synthetic_demo
FR-SYN-00154,ugunja,short_rains,sorghum,2025-10-24,2025-12-20,2.73,2.74,80321.0,761.3,-79559.7,synthetic_demo
FR-SYN-00155,ugunja,dry,tomatoes,2025-01-06,2025-05-26,4.73,5.0,195426.83,2162.02,-193264.81,synthetic_demo
FR-SYN-00156,gem,dry,sorghum,2025-01-21,2025-04-15,4.81,2.08,61025.4,983.66,-60041.74,synthetic_demo
FR-SYN-00157,ugunja,dry,sorghum,2025-01-19,2025-05-12,3.43,3.31,34373.38,1210.57,-33162.81,synthetic_demo
FR-SYN-00158,ugunja,long_rains,beans,2025-03-14,2025-07-19,3.98,1.24,57209.43,391.9,-56817.53,synthetic_demo
FR-SYN-00159,alego,dry,groundnuts,2025-01-19,2025-04-10,1.92,1.19,63318.62,296.97,-63021.65,synthetic_demo
FR-SYN-00160,yala,short_rains,beans,2025-10-18,2025-12-15,4.23,2.21,68856.49,746.14,-68110.34,synthetic_demo
FR-SYN-00161,yala,short_rains,sorghum,2025-10-22,2025-12-19,3.14,2.19,63182.19,713.59,-62468.6,synthetic_demo
FR-SYN-00162,bondo,short_rains,beans,2025-10-15,2025-12-26,3.71,2.66,59379.03,811.55,-58567.48,synthetic_demo
FR-SYN-00163,ugunja,long_rains,maize,2025-03-25,2025-06-16,4.92,5.18,111720.3,1666.43,-110053.88,synthetic_demo
FR-SYN-00164,yala,long_rains,kale,2025-03-15,2025-07-28,3.93,10.09,160703.57,1905.61,-158797.96,synthetic_demo
FR-SYN-00165,alego,short_rains,sorghum,2025-10-18,2025-12-26,2.22,1.7,29963.48,390.39,-29573.09,synthetic_demo
FR-SYN-00166,bondo,short_rains,millet,2025-10-10,2025-12-15,3.81,1.16,119505.89,479.25,-119026.64,synthetic_demo
FR-SYN-00167,ugunja,dry,sorghum,2025-01-16,2025-04-16,5.53,2.28,161819.75,1328.9,-160490.85,synthetic_demo
FR-SYN-00168,alego,dry,sorghum,2025-01-06,2025-05-22,4.45,2.71,63860.78,1276.17,-62584.62,synthetic_demo
FR-SYN-00169,alego,short_rains,maize,2025-10-11,2025-12-18,3.47,4.12,83385.26,911.25,-82474.01,synthetic_demo
FR-SYN-00170,yala,long_rains,tomatoes,2025-03-10,2025-06-19,3.91,5.98,117077.22,1552.69,-115524.53,synthetic_demo
FR-SYN-00171,gem,dry,millet,2025-01-11,2025-04-24,3.67,1.63,109730.74,734.89,-108995.86,synthetic_demo
FR-SYN-00172,yala,short_rains,beans,2025-10-15,2025-12-24,3.23,1.11,94130.16,307.07,-93823.09,synthetic_demo
FR-SYN-00173,bondo,short_rains,kale,2025-10-22,2025-12-22,3.79,7.73,109942.54,1689.56,-108252.98,synthetic_demo
FR-SYN-00174,yala,dry,sorghum,2025-01-07,2025-05-13,3.8,1.54,72952.05,630.79,-72321.26,synthetic_demo
FR-SYN-00175,bondo,long_rains,maize,2025-03-23,2025-06-14,4.17,3.41,150274.17,962.59,-149311.58,synthetic_demo
FR-SYN-00176,yala,long_rains,tomatoes,2025-03-21,2025-07-14,5.2,6.58,155210.61,2142.89,-153067.72,synthetic_demo
FR-SYN-00177,yala,dry,millet,2025-01-18,2025-04-15,3.16,1.34,79792.86,445.88,-79346.98,synthetic_demo
FR-SYN-00178,gem,dry,tomatoes,2025-01-09,2025-04-14,4.07,7.57,61278.88,2454.33,-58824.55,synthetic_demo
FR-SYN-00179,alego,long_rains,sorghum,2025-03-12,2025-07-23,5.6,2.55,162009.62,1396.24,-160613.38,synthetic_demo
FR-SYN-00180,yala,short_rains,kale,2025-10-24,2025-12-17,3.15,7.08,80045.35,1204.03,-78841.32,synthetic_demo
FR-SYN-00181,alego,short_rains,kale,2025-10-14,2025-12-15,0.79,4.89,29901.03,223.26,-29677.77,synthetic_demo
FR-SYN-00182,alego,long_rains,tomatoes,2025-03-09,2025-06-18,1.96,13.38,72294.33,1754.12,-70540.21,synthetic_demo
FR-SYN-00183,ugunja,short_rains,sorghum,2025-10-06,2025-12-12,5.82,3.01,124681.93,1557.57,-123124.36,synthetic_demo
FR-SYN-00184,yala,long_rains,rice,2025-03-08,2025-06-15,3.11,6.06,58542.7,2217.22,-56325.48,synthetic_demo
FR-SYN-00185,gem,short_rains,tomatoes,2025-10-06,2025-12-27,4.04,5.98,147629.13,1717.08,-145912.05,synthetic_demo
FR-SYN-00186,ugunja,dry,groundnuts,2025-01-10,2025-05-27,0.66,1.52,5783.8,115.0,-5668.8,synthetic_demo
FR-SYN-00187,alego,dry,rice,2025-01-25,2025-04-13,1.07,4.11,11801.7,553.49,-11248.21,synthetic_demo
FR-SYN-00188,gem,short_rains,groundnuts,2025-10-15,2025-12-15,4.82,2.38,63723.98,1396.32,-62327.66,synthetic_demo
FR-SYN-00189,gem,long_rains,rice,2025-03-22,2025-07-16,3.92,3.7,32503.61,1717.38,-30786.23,synthetic_demo
FR-SYN-00190,bondo,dry,sorghum,2025-01-15,2025-05-28,0.62,2.06,16622.36,132.65,-16489.72,synthetic_demo
FR-SYN-00191,bondo,dry,millet,2025-01-14,2025-05-11,4.01,1.2,65209.83,516.72,-64693.11,synthetic_demo
FR-SYN-00192,ugunja,short_rains,rice,2025-10-25,2025-12-25,1.06,2.7,20687.8,343.15,-20344.65,synthetic_demo
FR-SYN-00193,alego,short_rains,beans,2025-10-06,2025-12-11,2.79,2.14,83139.91,473.96,-82665.95,synthetic_demo
FR-SYN-00194,gem,dry,millet,2025-01-24,2025-04-17,4.39,2.55,84612.18,1342.51,-83269.67,synthetic_demo
FR-SYN-00195,alego,long_rains,sorghum,2025-03-18,2025-07-22,2.35,3.46,40156.83,685.12,-39471.72,synthetic_demo
FR-SYN-00196,yala,dry,millet,2025-01-23,2025-04-14,1.14,1.97,19512.79,279.86,-19232.93,synthetic_demo
FR-SYN-00197,gem,dry,sorghum,2025-01-25,2025-05-26,3.03,2.5,63292.33,754.39,-62537.94,synthetic_demo
FR-SYN-00198,ugunja,long_rains,tomatoes,2025-03-22,2025-06-24,4.76,10.52,151601.28,3574.83,-148026.46,synthetic_demo
FR-SYN-00199,yala,long_rains,maize,2025-03-24,2025-07-11,1.16,2.11,34985.24,152.94,-34832.3,synthetic_demo
FR-SYN-00200,yala,long_rains,beans,2025-03-08,2025-06-23,5.3,1.42,155366.63,611.11,-154755.51,synthetic_demo
FR-SYN-00201,yala,short_rains,maize,2025-10-06,2025-12-18,1.34,4.35,16439.12,379.36,-16059.76,synthetic_demo
FR-SYN-00202,alego,long_rains,beans,2025-03-21,2025-07-16,3.79,1.54,93934.11,495.89,-93438.22,synthetic_demo
FR-SYN-00203,bondo,short_rains,groundnuts,2025-10-20,2025-12-23,3.47,1.95,38565.83,819.17,-37746.66,synthetic_demo
FR-SYN-00204,yala,long_rains,maize,2025-03-14,2025-06-24,5.23,4.37,176103.84,1410.69,-174693.14,synthetic_demo
FR-SYN-00205,bondo,short_rains,beans,2025-10-14,2025-12-18,4.37,1.99,79899.8,821.97,-79077.83,synthetic_demo
FR-SYN-00206,bondo,long_rains,beans,2025-03-24,2025-06-21,2.58,2.42,87733.09,571.15,-87161.93,synthetic_demo
FR-SYN-00207,ugunja,dry,millet,2025-01-13,2025-05-18,0.89,1.94,21333.61,199.8,-21133.82,synthetic_demo
FR-SYN-00208,bondo,long_rains,groundnuts,2025-03-17,2025-06-19,5.77,1.46,207047.02,934.2,-206112.82,synthetic_demo
FR-SYN-00209,gem,short_rains,sorghum,2025-10-25,2025-12-19,1.62,2.45,38510.16,375.62,-38134.54,synthetic_demo
FR-SYN-00210,alego,dry,groundnuts,2025-01-23,2025-04-19,1.53,1.52,24239.25,306.46,-23932.78,synthetic_demo
FR-SYN-00211,ugunja,dry,sorghum,2025-01-08,2025-04-20,3.7,2.75,34258.02,1149.65,-33108.37,synthetic_demo
FR-SYN-00212,bondo,short_rains,kale,2025-10-19,2025-12-14,0.62,11.86,8456.99,369.91,-8087.08,synthetic_demo
FR-SYN-00213,alego,dry,millet,2025-01-08,2025-05-11,1.35,1.89,41802.52,298.19,-41504.33,synthetic_demo
FR-SYN-00214,yala,long_rains,maize,2025-03-19,2025-06-26,2.73,3.53,48300.6,540.48,-47760.12,synthetic_demo
FR-SYN-00215,yala,short_rains,beans,2025-10-19,2025-12-24,2.16,2.74,73209.53,512.89,-72696.64,synthetic_demo
FR-SYN-00216,yala,long_rains,maize,2025-03-18,2025-07-23,1.54,3.44,34368.36,310.2,-34058.16,synthetic_demo
FR-SYN-00217,gem,long_rains,sorghum,2025-03-09,2025-07-19,5.76,3.61,187366.56,1769.23,-185597.33,synthetic_demo
FR-SYN-00218,bondo,dry,groundnuts,2025-01-23,2025-05-18,3.99,2.32,44689.67,1131.92,-43557.75,synthetic_demo
FR-SYN-00219,ugunja,long_rains,beans,2025-03-25,2025-07-11,2.17,2.89,61267.74,593.27,-60674.47,synthetic_demo
FR-SYN-00220,yala,short_rains,beans,2025-10-23,2025-12-14,0.67,1.61,23321.87,87.73,-23234.14,synthetic_demo
FR-SYN-00221,alego,dry,millet,2025-01-07,2025-04-14,5.59,2.74,155047.29,1790.09,-153257.2,synthetic_demo
FR-SYN-00222,ugunja,long_rains,kale,2025-03-14,2025-06-16,1.3,5.73,13556.3,394.05,-13162.25,synthetic_demo
FR-SYN-00223,bondo,short_rains,groundnuts,2025-10-05,2025-12-13,5.57,2.44,66713.44,1497.29,-65216.15,synthetic_demo
FR-SYN-00224,alego,dry,groundnuts,2025-01-07,2025-04-28,4.72,0.96,102500.37,601.13,-101899.24,synthetic_demo
FR-SYN-00225,alego,long_rains,kale,2025-03-08,2025-06-21,5.9,8.88,204586.96,2279.12,-202307.84,synthetic_demo
FR-SYN-00226,bondo,short_rains,groundnuts,2025-10-14,2025-12-19,4.31,2.46,79263.84,1280.08,-77983.77,synthetic_demo
FR-SYN-00227,bondo,dry,groundnuts,2025-01-17,2025-05-26,4.16,2.44,105846.15,1311.12,-104535.03,synthetic_demo
FR-SYN-00228,gem,long_rains,tomatoes,2025-03-20,2025-07-28,3.81,16.07,48500.2,3968.47,-44531.73,synthetic_demo
FR-SYN-00229,gem,short_rains,kale,2025-10-09,2025-12-13,4.58,9.17,148585.86,2255.66,-146330.21,synthetic_demo
FR-SYN-00230,alego,short_rains,beans,2025-10-20,2025-12-26,2.01,2.53,37519.53,426.01,-37093.52,synthetic_demo
FR-SYN-00231,gem,long_rains,rice,2025-03-14,2025-06-25,2.93,5.84,30175.67,1989.09,-28186.58,synthetic_demo
FR-SYN-00232,yala,short_rains,groundnuts,2025-10-16,2025-12-20,0.93,2.3,35107.79,239.03,-34868.76,synthetic_demo
FR-SYN-00233,gem,short_rains,kale,2025-10-12,2025-12-19,3.8,10.98,156687.57,2094.68,-154592.89,synthetic_demo
FR-SYN-00234,yala,long_rains,tomatoes,2025-03-15,2025-07-28,2.71,13.66,65605.19,2688.12,-62917.07,synthetic_demo
FR-SYN-00235,gem,dry,kale,2025-01-22,2025-04-19,2.03,6.7,56203.21,742.88,-55460.33,synthetic_demo
FR-SYN-00236,gem,long_rains,sorghum,2025-03-25,2025-07-26,4.94,2.34,143358.03,996.58,-142361.44,synthetic_demo
FR-SYN-00237,alego,short_rains,groundnuts,2025-10-19,2025-12-27,4.97,1.34,152735.22,782.74,-151952.48,synthetic_demo
FR-SYN-00238,gem,short_rains,maize,2025-10-07,2025-12-23,2.04,2.66,44975.58,323.5,-44652.08,synthetic_demo
FR-SYN-00239,gem,short_rains,beans,2025-10-13,2025-12-10,2.0,2.15,51299.18,342.13,-50957.05,synthetic_demo
FR-SYN-00240,bondo,short_rains,millet,2025-10-07,2025-12-14,1.87,2.26,41161.01,429.64,-40731.37,synthetic_demo
FR-SYN-00241,yala,short_rains,millet,2025-10-12,2025-12-16,1.38,2.28,23898.85,332.41,-23566.44,synthetic_demo
FR-SYN-00242,ugunja,short_rains,maize,2025-10-16,2025-12-10,4.09,4.52,109642.35,1125.22,-108517.13,synthetic_demo
FR-SYN-00243,yala,dry,groundnuts,2025-01-12,2025-05-22,0.64,2.17,10772.94,160.24,-10612.7,synthetic_demo
FR-SYN-00244,gem,long_rains,tomatoes,2025-03-20,2025-07-23,5.6,6.12,113193.84,2601.93,-110591.91,synthetic_demo
FR-SYN-00245,bondo,long_rains,millet,2025-03-25,2025-06-10,2.76,2.3,74939.09,731.37,-74207.72,synthetic_demo
FR-SYN-00246,yala,short_rains,millet,2025-10-09,2025-12-15,4.31,1.46,134888.31,656.38,-134231.93,synthetic_demo
FR-SYN-00247,alego,dry,maize,2025-01-19,2025-04-18,4.39,1.91,155931.31,632.66,-155298.65,synthetic_demo
FR-SYN-00248,gem,dry,sorghum,2025-01-11,2025-04-18,2.15,2.51,29576.57,532.86,-29043.71,synthetic_demo
FR-SYN-00249,yala,long_rains,millet,2025-03-16,2025-07-12,0.66,2.73,9830.12,174.93,-9655.19,synthetic_demo
FR-SYN-00250,ugunja,short_rains,tomatoes,2025-10-24,2025-12-10,1.97,10.8,83313.98,1555.28,-81758.69,synthetic_demo
FR-SYN-00251,gem,long_rains,beans,2025-03-21,2025-07-14,2.01,2.98,71813.73,500.4,-71313.32,synthetic_demo
FR-SYN-00252,alego,short_rains,rice,2025-10-15,2025-12-14,3.6,3.78,45014.97,1612.99,-43401.98,synthetic_demo
FR-SYN-00253,gem,long_rains,beans,2025-03-22,2025-07-24,3.26,2.75,82008.56,754.6,-81253.96,synthetic_demo
FR-SYN-00254,alego,long_rains,beans,2025-03-07,2025-06-25,4.26,1.03,139522.14,333.41,-139188.73,synthetic_demo
FR-SYN-00255,gem,short_rains,kale,2025-10-05,2025-12-11,4.14,4.87,83137.78,1039.02,-82098.77,synthetic_demo
FR-SYN-00256,bondo,dry,groundnuts,2025-01-24,2025-05-12,2.75,1.21,29531.32,427.32,-29104.0,synthetic_demo
FR-SYN-00257,gem,short_rains,millet,2025-10-24,2025-12-21,4.19,2.05,93796.15,985.72,-92810.43,synthetic_demo
FR-SYN-00258,gem,dry,sorghum,2025-01-21,2025-05-24,4.25,2.34,137098.22,1069.41,-136028.81,synthetic_demo
FR-SYN-00259,yala,long_rains,beans,2025-03-06,2025-06-11,3.37,1.82,71946.96,481.2,-71465.76,synthetic_demo
FR-SYN-00260,ugunja,short_rains,beans,2025-10-14,2025-12-28,4.51,1.75,67825.2,757.26,-67067.94,synthetic_demo
FR-SYN-00261,bondo,short_rains,groundnuts,2025-10-08,2025-12-15,4.14,1.51,152589.59,730.16,-151859.44,synthetic_demo
FR-SYN-00262,gem,short_rains,beans,2025-10-05,2025-12-13,5.01,1.26,48441.19,552.53,-47888.65,synthetic_demo
FR-SYN-00263,gem,long_rains,beans,2025-03-08,2025-06-14,4.59,1.97,152739.21,719.94,-152019.26,synthetic_demo
FR-SYN-00264,gem,short_rains,groundnuts,2025-10-24,2025-12-11,3.23,1.83,54236.08,659.43,-53576.65,synthetic_demo
FR-SYN-00265,bondo,short_rains,maize,2025-10-08,2025-12-21,3.02,3.11,101040.34,662.73,-100377.62,synthetic_demo
FR-SYN-00266,gem,long_rains,kale,2025-03-17,2025-07-21,4.9,6.48,115035.87,1479.0,-113556.87,synthetic_demo
FR-SYN-00267,gem,short_rains,beans,2025-10-06,2025-12-21,5.36,1.2,74755.73,516.25,-74239.48,synthetic_demo
FR-SYN-00268,yala,short_rains,sorghum,2025-10-22,2025-12-14,5.21,1.32,139934.62,712.64,-139221.99,synthetic_demo
FR-SYN-00269,alego,long_rains,tomatoes,2025-03-10,2025-06-16,5.52,12.39,134260.68,4610.53,-129650.16,synthetic_demo
FR-SYN-00270,gem,long_rains,tomatoes,2025-03-20,2025-07-19,3.33,13.54,77863.78,3097.96,-74765.82,synthetic_demo
FR-SYN-00271,gem,short_rains,millet,2025-10-19,2025-12-10,4.48,2.64,44998.84,1381.59,-43617.24,synthetic_demo
FR-SYN-00272,alego,long_rains,beans,2025-03-22,2025-07-20,5.51,1.55,157705.02,781.66,-156923.35,synthetic_demo
FR-SYN-00273,gem,long_rains,rice,2025-03-22,2025-07-22,4.52,6.81,169046.1,3326.55,-165719.55,synthetic_demo
FR-SYN-00274,alego,short_rains,millet,2025-10-14,2025-12-26,1.2,1.2,21721.08,162.48,-21558.6,synthetic_demo
FR-SYN-00275,ugunja,dry,millet,2025-01-14,2025-04-22,3.41,1.73,101303.11,626.41,-100676.71,synthetic_demo
FR-SYN-00276,gem,long_rains,rice,2025-03-21,2025-07-28,3.62,5.08,96877.17,2089.1,-94788.06,synthetic_demo
FR-SYN-00277,gem,dry,sorghum,2025-01-21,2025-04-16,3.06,3.24,28026.56,996.26,-27030.3,synthetic_demo
FR-SYN-00278,yala,short_rains,maize,2025-10-05,2025-12-14,4.83,3.07,40500.31,817.49,-39682.82,synthetic_demo
FR-SYN-00279,gem,dry,groundnuts,2025-01-15,2025-05-25,5.11,2.03,134552.81,1200.36,-133352.45,synthetic_demo
FR-SYN-00280,gem,long_rains,beans,2025-03-06,2025-07-18,4.09,2.42,101769.52,800.74,-100968.78,synthetic_demo
FR-SYN-00281,bondo,dry,beans,2025-01-21,2025-04-13,4.15,2.26,104811.09,891.04,-103920.05,synthetic_demo
FR-SYN-00282,gem,long_rains,beans,2025-03-18,2025-06-26,2.31,1.21,60172.59,227.33,-59945.26,synthetic_demo
FR-SYN-00283,yala,long_rains,kale,2025-03-14,2025-07-13,2.33,9.61,52064.04,1099.95,-50964.08,synthetic_demo
FR-SYN-00284,bondo,short_rains,sorghum,2025-10-22,2025-12-12,3.21,1.85,45392.54,593.35,-44799.19,synthetic_demo
FR-SYN-00285,gem,short_rains,maize,2025-10-21,2025-12-14,2.62,4.76,41832.84,858.89,-40973.95,synthetic_demo
FR-SYN-00286,ugunja,long_rains,millet,2025-03-20,2025-07-18,5.13,2.29,47701.64,1212.28,-46489.37,synthetic_demo
FR-SYN-00287,ugunja,dry,maize,2025-01-11,2025-05-20,4.03,3.93,143427.66,1201.36,-142226.31,synthetic_demo
FR-SYN-00288,alego,short_rains,rice,2025-10-10,2025-12-27,5.43,4.14,178379.6,2742.78,-175636.82,synthetic_demo
FR-SYN-00289,yala,short_rains,maize,2025-10-05,2025-12-24,2.6,2.38,83358.21,403.62,-82954.59,synthetic_demo
FR-SYN-00290,ugunja,long_rains,groundnuts,2025-03-06,2025-07-25,5.48,2.68,134462.31,1665.89,-132796.42,synthetic_demo
FR-SYN-00291,alego,dry,sorghum,2025-01-09,2025-04-14,2.0,2.92,41905.38,597.12,-41308.27,synthetic_demo
FR-SYN-00292,gem,long_rains,kale,2025-03-25,2025-06-20,2.94,6.68,72557.3,843.22,-71714.08,synthetic_demo
FR-SYN-00293,bondo,short_rains,sorghum,2025-10-23,2025-12-17,5.88,1.59,128283.2,942.83,-127340.37,synthetic_demo
FR-SYN-00294,yala,short_rains,beans,2025-10-12,2025-12-11,5.04,1.35,178507.45,649.97,-177857.48,synthetic_demo
FR-SYN-00295,gem,short_rains,groundnuts,2025-10-06,2025-12-11,2.23,1.65,57058.68,397.74,-56660.94,synthetic_demo
FR-SYN-00296,alego,long_rains,beans,2025-03-18,2025-06-20,4.11,1.03,44821.32,398.07,-44423.25,synthetic_demo
FR-SYN-00297,alego,short_rains,kale,2025-10-24,2025-12-15,1.91,11.14,26075.75,1148.02,-24927.73,synthetic_demo
FR-SYN-00298,yala,dry,millet,2025-01-05,2025-04-11,1.88,2.9,45993.22,611.61,-45381.62,synthetic_demo
FR-SYN-00299,gem,dry,kale,2025-01-23,2025-05-19,2.86,4.67,100475.12,769.64,-99705.48,synthetic_demo
FR-SYN-00300,yala,dry,sorghum,2025-01-10,2025-04-21,0.65,2.14,7707.1,134.39,-7572.71,synthetic_demo
FR-SYN-00301,yala,dry,millet,2025-01-22,2025-04-15,1.66,1.31,26351.87,243.52,-26108.35,synthetic_demo
FR-SYN-00302,yala,dry,rice,2025-01-24,2025-05-12,1.24,2.39,36883.03,410.05,-36472.98,synthetic_demo
FR-SYN-00303,alego,short_rains,maize,2025-10-06,2025-12-14,5.2,4.71,140385.54,1652.08,-138733.45,synthetic_demo
FR-SYN-00304,alego,short_rains,kale,2025-10-10,2025-12-21,3.44,6.05,85301.99,1168.49,-84133.5,synthetic_demo
FR-SYN-00305,ugunja,short_rains,maize,2025-10-17,2025-12-21,1.97,2.05,40203.12,251.4,-39951.72,synthetic_demo
FR-SYN-00306,yala,short_rains,maize,2025-10-05,2025-12-24,1.86,3.74,17133.96,387.56,-16746.41,synthetic_demo
FR-SYN-00307,bondo,dry,millet,2025-01-15,2025-05-19,4.62,1.31,62527.06,702.84,-61824.22,synthetic_demo
FR-SYN-00308,yala,short_rains,millet,2025-10-25,2025-12-25,4.13,2.55,76473.41,1156.4,-75317.01,synthetic_demo
FR-SYN-00309,gem,short_rains,rice,2025-10-11,2025-12-23,1.73,3.9,35794.91,844.32,-34950.59,synthetic_demo
FR-SYN-00310,gem,short_rains,groundnuts,2025-10-22,2025-12-20,3.77,1.97,72072.83,847.36,-71225.47,synthetic_demo
FR-SYN-00311,gem,long_rains,rice,2025-03-17,2025-06-25,1.19,6.4,12854.36,876.19,-11978.17,synthetic_demo
FR-SYN-00312,gem,short_rains,rice,2025-10-21,2025-12-24,0.91,5.82,39309.67,589.59,-38720.08,synthetic_demo
FR-SYN-00313,ugunja,long_rains,beans,2025-03-20,2025-06-28,5.67,2.0,199693.88,1036.0,-198657.88,synthetic_demo
FR-SYN-00314,gem,short_rains,kale,2025-10-07,2025-12-24,2.47,9.13,55157.68,1077.79,-54079.89,synthetic_demo
FR-SYN-00315,ugunja,dry,millet,2025-01-06,2025-04-15,2.08,2.42,16765.6,623.06,-16142.55,synthetic_demo
FR-SYN-00316,bondo,dry,millet,2025-01-10,2025-05-16,3.33,1.77,101468.0,620.6,-100847.4,synthetic_demo
FR-SYN-00317,yala,dry,groundnuts,2025-01-07,2025-04-27,4.15,2.3,50721.53,1125.0,-49596.53,synthetic_demo
FR-SYN-00318,bondo,dry,sorghum,2025-01-16,2025-04-16,4.46,1.25,79640.82,550.06,-79090.75,synthetic_demo
FR-SYN-00319,alego,long_rains,rice,2025-03-11,2025-06-21,5.51,2.48,179367.57,1541.36,-177826.22,synthetic_demo
FR-SYN-00320,ugunja,long_rains,tomatoes,2025-03-15,2025-07-27,3.98,8.89,63851.34,2507.7,-61343.64,synthetic_demo
FR-SYN-00321,ugunja,long_rains,kale,2025-03-16,2025-06-12,5.38,9.47,108271.85,2048.16,-106223.69,synthetic_demo
FR-SYN-00322,gem,dry,millet,2025-01-25,2025-05-25,0.96,2.45,8954.24,263.83,-8690.41,synthetic_demo
FR-SYN-00323,ugunja,dry,kale,2025-01-24,2025-04-11,1.34,5.87,26633.26,480.95,-26152.3,synthetic_demo
FR-SYN-00324,bondo,dry,groundnuts,2025-01-14,2025-04-17,5.17,1.35,87738.76,857.48,-86881.28,synthetic_demo
FR-SYN-00325,gem,dry,sorghum,2025-01-20,2025-04-16,0.88,1.54,9148.9,138.33,-9010.56,synthetic_demo
FR-SYN-00326,ugunja,long_rains,maize,2025-03-12,2025-07-19,3.71,5.08,75818.84,1147.16,-74671.68,synthetic_demo
FR-SYN-00327,ugunja,short_rains,sorghum,2025-10-18,2025-12-19,3.81,2.31,70600.94,779.47,-69821.47,synthetic_demo
FR-SYN-00328,ugunja,long_rains,maize,2025-03-21,2025-07-25,2.78,3.29,99790.93,619.76,-99171.16,synthetic_demo
FR-SYN-00329,ugunja,long_rains,groundnuts,2025-03-16,2025-07-21,4.36,2.57,65841.46,1302.08,-64539.38,synthetic_demo
FR-SYN-00330,gem,dry,sorghum,2025-01-24,2025-04-10,1.23,2.75,30091.17,328.94,-29762.23,synthetic_demo
FR-SYN-00331,alego,dry,groundnuts,2025-01-18,2025-04-13,4.04,1.59,37026.95,789.59,-36237.35,synthetic_demo
FR-SYN-00332,gem,dry,beans,2025-01-18,2025-04-15,2.62,1.06,39404.56,257.77,-39146.79,synthetic_demo
FR-SYN-00333,gem,short_rains,maize,2025-10-10,2025-12-19,1.06,2.17,29282.49,164.07,-29118.42,synthetic_demo
FR-SYN-00334,bondo,long_rains,sorghum,2025-03-05,2025-07-26,5.93,2.17,140843.35,1316.03,-139527.33,synthetic_demo
FR-SYN-00335,gem,dry,tomatoes,2025-01-15,2025-04-10,3.07,5.85,94799.47,1549.84,-93249.63,synthetic_demo
FR-SYN-00336,gem,dry,beans,2025-01-05,2025-05-10,4.02,2.28,145466.94,893.57,-144573.37,synthetic_demo
FR-SYN-00337,gem,dry,beans,2025-01-14,2025-04-14,5.3,1.98,184379.93,1098.59,-183281.34,synthetic_demo
FR-SYN-00338,bondo,short_rains,sorghum,2025-10-10,2025-12-13,2.95,3.37,27440.3,1014.48,-26425.82,synthetic_demo
FR-SYN-00339,ugunja,dry,sorghum,2025-01-15,2025-04-28,4.74,2.78,56784.56,1493.27,-55291.29,synthetic_demo
FR-SYN-00340,bondo,short_rains,groundnuts,2025-10-15,2025-12-13,3.69,2.0,114056.82,825.08,-113231.74,synthetic_demo
FR-SYN-00341,ugunja,dry,sorghum,2025-01-05,2025-05-20,1.38,2.18,19671.96,326.72,-19345.25,synthetic_demo
FR-SYN-00342,bondo,short_rains,millet,2025-10-11,2025-12-19,4.4,1.52,128006.62,675.67,-127330.95,synthetic_demo
FR-SYN-00343,ugunja,short_rains,maize,2025-10-10,2025-12-27,2.72,3.07,65248.21,555.82,-64692.39,synthetic_demo
FR-SYN-00344,bondo,long_rains,maize,2025-03-23,2025-06-19,3.07,2.47,76277.67,412.07,-75865.59,synthetic_demo
FR-SYN-00345,ugunja,short_rains,groundnuts,2025-10-10,2025-12-13,2.52,1.74,26920.85,474.67,-26446.18,synthetic_demo
FR-SYN-00346,gem,short_rains,kale,2025-10-10,2025-12-12,4.8,8.17,129151.68,2040.52,-127111.16,synthetic_demo
FR-SYN-00347,bondo,dry,sorghum,2025-01-08,2025-04-22,3.21,1.37,66911.05,459.91,-66451.15,synthetic_demo
FR-SYN-00348,alego,dry,sorghum,2025-01-23,2025-04-16,5.81,1.55,122103.83,858.59,-121245.24,synthetic_demo
FR-SYN-00349,bondo,long_rains,sorghum,2025-03-16,2025-06-23,5.88,3.75,178172.7,2027.66,-176145.04,synthetic_demo
FR-SYN-00350,yala,dry,beans,2025-01-06,2025-04-11,1.62,2.06,30513.11,286.63,-30226.47,synthetic_demo
FR-SYN-00351,ugunja,short_rains,beans,2025-10-13,2025-12-14,3.49,2.29,69835.88,711.06,-69124.82,synthetic_demo
FR-SYN-00352,ugunja,short_rains,maize,2025-10-24,2025-12-12,2.06,3.39,31895.08,478.05,-31417.04,synthetic_demo
FR-SYN-00353,bondo,short_rains,sorghum,2025-10-08,2025-12-15,3.44,1.43,25107.53,431.61,-24675.92,synthetic_demo
FR-SYN-00354,yala,short_rains,maize,2025-10-22,2025-12-25,3.8,2.58,70203.75,641.51,-69562.24,synthetic_demo
FR-SYN-00355,ugunja,dry,beans,2025-01-10,2025-05-21,4.91,1.18,81971.69,598.45,-81373.23,synthetic_demo
FR-SYN-00356,bondo,dry,sorghum,2025-01-12,2025-04-15,3.71,2.98,90098.64,1078.3,-89020.34,synthetic_demo
FR-SYN-00357,alego,dry,millet,2025-01-24,2025-04-10,4.46,2.85,141549.25,1539.42,-140009.83,synthetic_demo
FR-SYN-00358,alego,long_rains,maize,2025-03-09,2025-07-11,2.88,3.17,39182.53,515.64,-38666.88,synthetic_demo
FR-SYN-00359,alego,short_rains,rice,2025-10-25,2025-12-24,5.42,2.22,46526.56,1411.41,-45115.14,synthetic_demo
FR-SYN-00360,gem,short_rains,beans,2025-10-21,2025-12-23,1.27,1.2,13169.32,140.63,-13028.69,synthetic_demo
FR-SYN-00361,gem,dry,sorghum,2025-01-16,2025-05-10,2.54,1.23,60338.65,307.79,-60030.87,synthetic_demo
FR-SYN-00362,yala,long_rains,tomatoes,2025-03-20,2025-06-20,4.66,15.74,40818.24,4671.63,-36146.61,synthetic_demo
FR-SYN-00363,ugunja,long_rains,beans,2025-03-24,2025-06-23,3.19,1.14,88223.42,300.97,-87922.45,synthetic_demo
FR-SYN-00364,gem,long_rains,kale,2025-03-08,2025-06-16,5.96,8.31,60338.73,2315.42,-58023.3,synthetic_demo
FR-SYN-00365,gem,dry,beans,2025-01-12,2025-04-20,2.9,1.42,20348.18,411.65,-19936.53,synthetic_demo
FR-SYN-00366,yala,long_rains,beans,2025-03-24,2025-06-23,1.6,1.72,49828.89,244.3,-49584.59,synthetic_demo
FR-SYN-00367,alego,dry,sorghum,2025-01-13,2025-04-28,2.67,1.41,21403.49,422.73,-20980.76,synthetic_demo
FR-SYN-00368,alego,dry,millet,2025-01-20,2025-04-27,4.49,2.71,112896.15,1516.85,-111379.3,synthetic_demo
FR-SYN-00369,gem,long_rains,beans,2025-03-21,2025-06-15,3.84,1.24,142531.93,434.08,-142097.85,synthetic_demo
FR-SYN-00370,ugunja,short_rains,kale,2025-10-17,2025-12-18,1.72,9.9,67842.89,760.79,-67082.1,synthetic_demo
FR-SYN-00371,yala,dry,groundnuts,2025-01-10,2025-04-11,3.48,2.36,36894.02,1050.74,-35843.28,synthetic_demo
FR-SYN-00372,yala,dry,millet,2025-01-22,2025-05-14,2.81,2.61,90239.79,930.59,-89309.2,synthetic_demo
FR-SYN-00373,alego,long_rains,millet,2025-03-13,2025-06-24,1.79,1.52,19437.88,305.28,-19132.6,synthetic_demo
FR-SYN-00374,ugunja,long_rains,tomatoes,2025-03-10,2025-07-10,2.27,10.31,30150.4,1669.73,-28480.67,synthetic_demo
FR-SYN-00375,bondo,dry,millet,2025-01-05,2025-04-10,4.72,1.32,121045.66,759.68,-120285.98,synthetic_demo
FR-SYN-00376,yala,dry,sorghum,2025-01-20,2025-05-15,2.26,1.75,38626.77,398.27,-38228.5,synthetic_demo
FR-SYN-00377,bondo,long_rains,groundnuts,2025-03-17,2025-06-21,4.14,1.29,74836.9,572.62,-74264.27,synthetic_demo
FR-SYN-00378,alego,short_rains,maize,2025-10-07,2025-12-14,1.56,3.39,55229.09,295.59,-54933.5,synthetic_demo
FR-SYN-00379,yala,short_rains,sorghum,2025-10-09,2025-12-20,1.4,3.16,13188.14,405.57,-12782.58,synthetic_demo
FR-SYN-00380,gem,short_rains,sorghum,2025-10-20,2025-12-20,1.35,2.52,33857.72,297.51,-33560.22,synthetic_demo
FR-SYN-00381,alego,dry,beans,2025-01-12,2025-05-10,1.7,1.32,36162.47,218.34,-35944.13,synthetic_demo
FR-SYN-00382,alego,short_rains,beans,2025-10-12,2025-12-14,1.23,1.17,31256.38,124.8,-31131.59,synthetic_demo
FR-SYN-00383,ugunja,long_rains,beans,2025-03-07,2025-06-12,0.67,1.83,18083.48,109.06,-17974.41,synthetic_demo
FR-SYN-00384,bondo,short_rains,groundnuts,2025-10-25,2025-12-15,3.32,2.41,66844.14,934.36,-65909.79,synthetic_demo
FR-SYN-00385,ugunja,short_rains,kale,2025-10-09,2025-12-22,3.94,6.85,151772.5,1391.17,-150381.33,synthetic_demo
FR-SYN-00386,ugunja,long_rains,kale,2025-03-11,2025-07-13,1.16,4.95,18141.4,302.47,-17838.92,synthetic_demo
FR-SYN-00387,bondo,long_rains,groundnuts,2025-03-23,2025-06-28,5.93,2.46,106923.57,1566.71,-105356.86,synthetic_demo
FR-SYN-00388,ugunja,dry,millet,2025-01-21,2025-04-26,4.96,2.66,124864.11,1596.97,-123267.14,synthetic_demo
FR-SYN-00389,ugunja,dry,kale,2025-01-10,2025-05-24,4.84,4.55,66960.64,1227.34,-65733.31,synthetic_demo
FR-SYN-00390,gem,long_rains,rice,2025-03-14,2025-06-25,1.11,3.28,19564.24,411.49,-19152.75,synthetic_demo
FR-SYN-00391,gem,dry,maize,2025-01-23,2025-05-11,2.56,2.21,53639.32,359.64,-53279.68,synthetic_demo
FR-SYN-00392,bondo,dry,beans,2025-01-12,2025-04-14,5.21,1.0,111548.41,532.49,-111015.91,synthetic_demo
FR-SYN-00393,bondo,long_rains,tomatoes,2025-03-17,2025-07-16,2.77,10.31,44510.4,2201.54,-42308.87,synthetic_demo
FR-SYN-00394,alego,long_rains,maize,2025-03-16,2025-07-25,1.75,2.63,36739.59,260.37,-36479.22,synthetic_demo
FR-SYN-00395,gem,dry,beans,2025-01-13,2025-04-11,1.1,1.29,19795.01,129.98,-19665.03,synthetic_demo
FR-SYN-00396,alego,short_rains,kale,2025-10-24,2025-12-12,4.5,4.61,190886.01,1163.65,-189722.36,synthetic_demo
FR-SYN-00397,gem,short_rains,groundnuts,2025-10-18,2025-12-26,4.5,1.98,128654.23,958.3,-127695.93,synthetic_demo
FR-SYN-00398,ugunja,dry,sorghum,2025-01-11,2025-04-28,5.76,1.84,161852.75,1070.05,-160782.69,synthetic_demo
FR-SYN-00399,gem,dry,sorghum,2025-01-10,2025-05-23,2.61,1.79,22616.54,541.62,-22074.91,synthetic_demo
FR-SYN-00400,bondo,long_rains,millet,2025-03-24,2025-07-13,3.28,2.44,53069.05,819.04,-52250.01,synthetic_demo
FR-SYN-00401,ugunja,short_rains,maize,2025-10-19,2025-12-22,0.64,2.92,22339.72,109.19,-22230.53,synthetic_demo
FR-SYN-00402,gem,long_rains,rice,2025-03-16,2025-07-20,1.52,4.96,34262.72,898.84,-33363.88,synthetic_demo
FR-SYN-00403,ugunja,short_rains,kale,2025-10-18,2025-12-13,4.43,5.69,51703.62,1155.14,-50548.49,synthetic_demo
FR-SYN-00404,bondo,short_rains,millet,2025-10-23,2025-12-10,3.94,2.57,92260.05,1045.91,-91214.14,synthetic_demo
FR-SYN-00405,ugunja,short_rains,kale,2025-10-12,2025-12-18,4.16,8.97,77344.79,1564.39,-75780.4,synthetic_demo
FR-SYN-00406,ugunja,long_rains,tomatoes,2025-03-16,2025-06-22,1.14,15.01,21874.84,1167.66,-20707.18,synthetic_demo
FR-SYN-00407,ugunja,dry,sorghum,2025-01-15,2025-05-25,5.97,1.72,94015.47,1087.18,-92928.29,synthetic_demo
FR-SYN-00408,ugunja,long_rains,maize,2025-03-07,2025-06-18,2.08,2.59,27319.07,362.78,-26956.3,synthetic_demo
FR-SYN-00409,yala,short_rains,groundnuts,2025-10-23,2025-12-15,4.89,2.39,120203.06,1304.14,-118898.92,synthetic_demo
FR-SYN-00410,yala,dry,millet,2025-01-06,2025-05-28,2.81,1.8,33036.64,555.92,-32480.72,synthetic_demo
FR-SYN-00411,yala,short_rains,sorghum,2025-10-08,2025-12-20,4.32,1.97,90612.69,765.89,-89846.8,synthetic_demo
FR-SYN-00412,alego,dry,groundnuts,2025-01-25,2025-05-23,2.32,1.63,57695.68,445.22,-57250.46,synthetic_demo
FR-SYN-00413,yala,long_rains,millet,2025-03-14,2025-06-22,0.8,2.2,6517.28,181.75,-6335.52,synthetic_demo
FR-SYN-00414,yala,short_rains,maize,2025-10-19,2025-12-13,5.15,4.61,50101.87,1379.7,-48722.17,synthetic_demo
FR-SYN-00415,yala,dry,rice,2025-01-06,2025-05-11,1.2,2.81,47745.74,416.63,-47329.1,synthetic_demo
FR-SYN-00416,alego,short_rains,groundnuts,2025-10-21,2025-12-28,3.18,2.3,46153.45,871.62,-45281.83,synthetic_demo
FR-SYN-00417,ugunja,dry,sorghum,2025-01-20,2025-04-16,0.67,1.38,12143.23,98.63,-12044.6,synthetic_demo
FR-SYN-00418,ugunja,dry,rice,2025-01-12,2025-05-22,5.87,4.16,236627.09,3102.29,-233524.8,synthetic_demo
FR-SYN-00419,bondo,long_rains,tomatoes,2025-03-10,2025-07-10,3.17,9.69,69063.45,2091.06,-66972.39,synthetic_demo
FR-SYN-00420,bondo,dry,beans,2025-01-18,2025-04-19,1.62,1.18,40228.08,178.15,-40049.93,synthetic_demo
FR-SYN-00421,ugunja,long_rains,beans,2025-03-24,2025-07-22,2.72,2.66,34645.85,566.47,-34079.38,synthetic_demo
FR-SYN-00422,alego,short_rains,millet,2025-10-12,2025-12-20,4.28,2.43,45246.15,1206.04,-44040.11,synthetic_demo
FR-SYN-00423,bondo,dry,tomatoes,2025-01-23,2025-04-25,5.32,7.52,200385.21,3320.3,-197064.9,synthetic_demo
FR-SYN-00424,yala,short_rains,sorghum,2025-10-22,2025-12-25,1.97,2.0,26036.57,373.37,-25663.2,synthetic_demo
FR-SYN-00425,alego,dry,sorghum,2025-01-18,2025-04-14,2.53,2.12,57514.32,508.33,-57005.99,synthetic_demo
FR-SYN-00426,alego,short_rains,maize,2025-10-16,2025-12-22,3.78,4.64,119328.15,1125.0,-118203.15,synthetic_demo
FR-SYN-00427,yala,short_rains,tomatoes,2025-10-20,2025-12-24,4.28,7.95,164590.46,2309.97,-162280.48,synthetic_demo
FR-SYN-00428,bondo,long_rains,beans,2025-03-18,2025-07-10,0.87,2.78,17742.41,194.84,-17547.57,synthetic_demo
FR-SYN-00429,bondo,short_rains,groundnuts,2025-10-16,2025-12-22,2.88,1.96,81166.92,645.36,-80521.56,synthetic_demo
FR-SYN-00430,ugunja,short_rains,maize,2025-10-11,2025-12-19,1.06,3.5,38140.15,221.26,-37918.89,synthetic_demo
FR-SYN-00431,yala,short_rains,kale,2025-10-18,2025-12-24,0.75,8.34,21099.6,264.58,-20835.02,synthetic_demo
FR-SYN-00432,alego,short_rains,sorghum,2025-10-17,2025-12-22,4.22,3.21,117876.94,1311.55,-116565.38,synthetic_demo
FR-SYN-00433,alego,short_rains,millet,2025-10-08,2025-12-16,3.39,2.38,93217.36,942.57,-92274.79,synthetic_demo
FR-SYN-00434,alego,dry,sorghum,2025-01-05,2025-04-13,3.41,2.29,97595.69,748.07,-96847.62,synthetic_demo
FR-SYN-00435,yala,dry,maize,2025-01-24,2025-04-23,1.39,1.55,35099.83,138.16,-34961.68,synthetic_demo
FR-SYN-00436,yala,dry,millet,2025-01-08,2025-05-23,4.99,2.15,77230.32,1297.83,-75932.49,synthetic_demo
FR-SYN-00437,ugunja,short_rains,maize,2025-10-10,2025-12-26,5.22,3.31,152270.81,1038.42,-151232.38,synthetic_demo
FR-SYN-00438,ugunja,short_rains,rice,2025-10-07,2025-12-22,5.8,4.75,171916.42,3318.9,-168597.52,synthetic_demo
FR-SYN-00439,gem,long_rains,rice,2025-03-10,2025-06-13,4.19,3.97,93477.95,2095.58,-91382.37,synthetic_demo
FR-SYN-00440,gem,long_rains,kale,2025-03-08,2025-06-12,2.98,10.02,78149.15,1385.48,-76763.67,synthetic_demo
FR-SYN-00441,yala,long_rains,rice,2025-03-18,2025-06-12,3.74,3.17,130759.99,1274.53,-129485.45,synthetic_demo
FR-SYN-00442,alego,short_rains,millet,2025-10-23,2025-12-26,2.5,1.96,34926.83,557.59,-34369.24,synthetic_demo
FR-SYN-00443,bondo,short_rains,groundnuts,2025-10-22,2025-12-10,1.81,2.48,60542.78,513.63,-60029.15,synthetic_demo
FR-SYN-00444,alego,dry,millet,2025-01-06,2025-04-28,3.14,1.54,96267.65,586.26,-95681.38,synthetic_demo
FR-SYN-00445,bondo,long_rains,groundnuts,2025-03-23,2025-06-21,5.9,2.82,160246.63,1715.7,-158530.93,synthetic_demo
FR-SYN-00446,gem,short_rains,groundnuts,2025-10-12,2025-12-11,0.74,1.03,8052.95,84.51,-7968.44,synthetic_demo
FR-SYN-00447,gem,dry,sorghum,2025-01-08,2025-05-21,1.65,2.48,10588.37,451.04,-10137.33,synthetic_demo
FR-SYN-00448,ugunja,long_rains,maize,2025-03-19,2025-06-19,0.84,3.08,18767.96,148.12,-18619.84,synthetic_demo
FR-SYN-00449,yala,long_rains,kale,2025-03-16,2025-07-17,3.44,7.13,151221.8,971.35,-150250.45,synthetic_demo
FR-SYN-00450,ugunja,short_rains,beans,2025-10-09,2025-12-17,4.37,1.76,68398.66,612.36,-67786.3,synthetic_demo
